<?xml version="1.0" encoding="utf-8" standalone="yes"?>
<rss version="2.0" xmlns:atom="http://www.w3.org/2005/Atom">
  <channel>
    <title>Гилязетдинов Руслан</title>
    <link>https://rusdigi.name/ru/</link>
    <description>Recent content on Гилязетдинов Руслан</description>
    <generator>Hugo -- gohugo.io</generator>
    <language>en-us</language>
    
	<atom:link href="https://rusdigi.name/ru/index.xml" rel="self" type="application/rss+xml" />
    
    
  </channel>
</rss>